,Title,Total,Price,Location
0,SHINECON VR BOX IMAX GIANT SCREEN VIRTUAL REALITY GLASSES,167 Terjual,Rp122.000,KOTA BEKASI
1,Grosir-ij Shinecon VR Box IMAX Giant Screen Virtual Reality Glasses,2RB Terjual,Rp280.000,KOTA JAKARTA BARAT
2,VR BOX SHINECON 6.0 - VIRTUAL REALITY GLASSES DENGAN HEADPHONE,583 Terjual,Rp224.099,KOTA JAKARTA UTARA
3,ORIGINAL VIRTUAL REALITY FOR SMARTPHONE + REMOTE BLUETOOTH / VR BOX 2.0 FREE REMOTE,187 Terjual,Rp54.799,KOTA JAKARTA UTARA
4,[PAKET REMOT] ORIGINAL VIRTUAL REALITY FOR SMARTPHONE + REMOTE BLUETOOTH / VR BOX 2.0 FREE REMOTE,"3,6RB Terjual",Rp54.449,KOTA JAKARTA UTARA
5,Shinecon 6.0 - VR Box Virtual Reality Glasses with Headphone,"2,4RB Terjual",Rp227.500,KOTA JAKARTA PUSAT
6,PINZY Virtual Reality Glasses Vr Box generasi 2.0 for smartphone,10RB+ Terjual,Rp27.000,KOTA JAKARTA BARAT
7,[ COD ] Shinecon VR Box IMAX Giant Screen Virtual Reality Glasses - G13,"1,1RB Terjual",Rp79.999,KOTA JAKARTA BARAT
8,YOKO VR Box Virtual Shinecon 3D / VR Box Virtual Reality Glasses 3D / VR Box Dengan Handphone,75 Terjual,Rp231.000,KOTA JAKARTA UTARA
9,VR BOX VIRTUAL 3D ORIGINAL SHINECON 6.0 WITH HEADSET - VIRTUAL REALITY HEADPHONE ORI SHINECON 6.0,506 Terjual,Rp216.900,KOTA JAKARTA BARAT
10,Shinecon VR Box IMAX Giant Screen Virtual Reality Glasses - G13 ( Al-Yusi ),332 Terjual,Rp76.599,KOTA JAKARTA BARAT
11,VR BOX VIRTUAL GNX20/VIRTUAL REALITY/VIRTUAL 3D,10 Terjual,Rp27.500,KOTA JAKARTA UTARA
12,[TLM] VR Box 3D Virtual Reality Glasses Kaca Mata,87 Terjual,Rp24.900,KOTA JAKARTA BARAT
13,VR Box IMAX Giant Screen Kacamata Virtual Reality 3D Glasses - G10,689 Terjual,Rp89.000,KOTA TANGERANG
14,Wireless Joystick gamepad Shinecon VR android & IOS gamepad remote controller - B03,913 Terjual,Rp51.000,KOTA JAKARTA PUSAT
15,[BONUS REMOTE] VR BOX FREE REMOTE BLUETOOTH / VIRTUAL REALITY BONUS REMOTE / VR BOX 2.0 / VR REMOTE,"5,4RB Terjual",Rp64.000,KOTA JAKARTA BARAT
16,VR Mini Virtual Reality Glasses 3D Mini,511 Terjual,Rp28.500,KOTA JAKARTA PUSAT
17,Google Cardboard VR,"2,9RB Terjual",Rp20.900,KOTA MEDAN
18,Shinecon VR Box 3D IMAX Giant Screen Virtual Reality Glasses,116 Terjual,Rp250.000,KOTA TANGERANG
19,VR BOX BOBOVR Z6 Headset Handphone Virtual Reality 3D Glasses Original,235 Terjual,Rp470.000,KOTA BEKASI
20,VR Box Shinecon 10.0 With Headphone Kacamata HP Versi Terbaru,270 Terjual,Rp285.000,KOTA JAKARTA UTARA
21,VR BOX BOBOVR Z6 Headset Smartphone Virtual Reality 3D Glasses,35 Terjual,Rp470.000,KOTA BEKASI
22,[ COD ] Shinecon 6.0 VR Box Virtual Reality Glasses dengan Headphone,277 Terjual,Rp204.799,KOTA JAKARTA BARAT
23,[VR BOX IMAX] Shinecon VR Box IMAX Giant Screen Virtual Reality Glasses - SC-G13 / Headset 3D VR Virtual Reality Kacamata 3D Virtual Reality untuk Ponsel Smartphone Universal Kacamata Virtual Reality Kacamata VR 3D - Black,1 Terjual,Rp79.900,KOTA JAKARTA BARAT
24,[BONUS REMOTE] ORIGINAL VIRTUAL REALITY FOR SMARTPHONE + REMOTE BLUETOOTH / VR BOX 2.0 FREE REMOTE,"2,6RB Terjual",Rp54.449,KOTA JAKARTA UTARA
25,Shinecon VR Box IMAX Giant Screen Kacamata 3D Virtual Reality,27 Terjual,Rp145.000,KOTA JAKARTA BARAT
26,Shinecon VR Box IMAX Giant Screen Virtual Reality Glasses - G10 - Black - 7RTHHNBK,42 Terjual,Rp79.800,KOTA SEMARANG
27,VR BOX 2.00 / Virtual Reality BOX 2.0 only,54 Terjual,Rp65.000,KOTA BANDUNG
28,Shinecon 6.0 VR Box Virtual Reality Glasses dengan Headphone - Black,76 Terjual,Rp226.500,KOTA MEDAN
29,VIRTUAL REALITY BOX / VR BOX 3D + REMOTE ( FOR SMARTPHONE),392 Terjual,Rp31.900,KOTA JAKARTA BARAT
30,VR Box IMAX Giant Screen Virtual Reality Glasses Shinecon SC-G13MLP1,17 Terjual,Rp74.084,KOTA JAKARTA BARAT
31,DapurCantik Virtual 3D Reality Glasses VR Box Smartphone - VRBOX,150 Terjual,Rp27.600,KOTA TANGERANG
32,VIRTUAL BOX 2.0 3D Virtual Reality Game Movie VR Box 2.0,"4,4RB Terjual",Rp26.900,KAB. BEKASI
33,[ COD ] Shinecon VR Box IMAX Giant Screen Virtual Reality Glasses - G15,45 Terjual,Rp128.199,KOTA JAKARTA BARAT
34,Remot VR Box Controller Bluetooth / Remot Controller,513 Terjual,Rp23.999,KOTA JAKARTA BARAT
35,MINI VR Box - Virtual Reality,485 Terjual,Rp32.500,KAB. SIDOARJO
36,VIRTUAL REALITY GLASS BOX MINI,29 Terjual,Rp27.999,KAB. BANTUL
37,GROSIRUNIK99 VRG PRO X7 - 3D Smart Virtual Reality Glasses for 5-7 inches Phones,6 Terjual,Rp140.900,KOTA JAKARTA BARAT
38,Vermo kabel oculus quest link cable VR 5 M garansi resmi,93 Terjual,Rp145.000,KOTA JAKARTA BARAT
39,VR BOX VIRTUAL REALITY GAME 3D 7 INCH SHINECON ORI HEADPHONE 6.0 MURAH,47 Terjual,Rp217.900,KOTA JAKARTA BARAT
40,Virtual Reality VR Box 2.0 Second Generation,35 Terjual,Rp42.750,KAB. SLEMAN
41,VR Box 3D Virtual Reality Glasses dengan Headphone Shinecon 6.0,73 Terjual,Rp203.000,KOTA JAKARTA BARAT
42,[ JB99 ] Vr Box 3D Virtual Reality Glasses Kaca Mata TERMURAHH,165 Terjual,Rp35.000,KOTA JAKARTA BARAT
43,Trend-Virtual Box Reality VR2,26 Terjual,Rp40.500,KAB. SLEMAN
44,Cre Cover Silikon Anti Slip Untuk Controller Vr Oculus Quest 2,17 Terjual,Rp373.769,Luar Negeri
45,VR Box 3D IMAX Giant Screen Virtual Reality Glasses Shinecon G10 G12 G13,4 Terjual,Rp125.000,KOTA TANGERANG
46,[OBJ] VR Box 3D Virtual Reality Glasses Kaca Mata,415 Terjual,Rp24.900,KOTA JAKARTA BARAT
47,Shinecon VR Box IMAX Giant Screen Virtual Reality Headset Cardboard - G10,332 Terjual,Rp84.900,KOTA JAKARTA BARAT
48,[TERBARU] VIRTUAL REALITY 3D / VR BOX FOR SMARTPHONE VERSI 2.0,"1,1RB Terjual",Rp27.800,KOTA JAKARTA BARAT
49,UDAkasiMura - Shinecon VR Box IMAX Giant Screen Virtual Reality Glasses,56 Terjual,Rp224.500,KOTA JAKARTA BARAT
50,VR Box 2 Virtual Reality Glasses Kacamata HP 3D 3 Dimensi,3RB Terjual,Rp27.930,KAB. TANGERANG
51,Lensa Kaca Virtual Reality Google CardBoard 3D VR Glasses *AC09,49 Terjual,Rp35.000,KOTA JAKARTA PUSAT
52,VR Box IMAX Giant Screen Virtual Reality Glasses G10 / G13,KOTA SURABAYA,Rp97.500,Produk Serupa
53,VR BOX Kacamata Virtual Reality 3D Glasses Device For Smartphone Android Ipone Game Movie Visual Gaming Alat Bantu Menonton Vidio Original,16 Terjual,Rp55.000,KAB. TANGERANG
54,10pcs Lensa Cembung Lentikular Biconvex 3d Untuk Kacamata Virtual Vr,90 Terjual,Rp60.232,Luar Negeri
55,Mainan Edukasi Luar Angkasa dan Dinosaurus 3D Virtual Reality Glasses,79 Terjual,Rp93.000,KOTA TANGERANG SELATAN
56,[BONUS REMOTE] VR BOX FREE REMOTE BLUETOOTH / VIRTUAL REALITY BONUS REMOTE / VR BOX 2.0 / VR REMOTE,"1,9RB Terjual",Rp66.100,KOTA JAKARTA BARAT
57,VR Box Virtual Reality Glasses + Headphone,7 Terjual,Rp208.998,KOTA TANGERANG SELATAN
58,Shinecon VR Box IMAX Giant Screen Virtual Reality Glasses - G15 [ Kafii ],5 Terjual,Rp126.399,KOTA JAKARTA BARAT
59,Shinecon VR Box IMAX Virtual Reality Glasses with Headset - G06EB DnStr,5 Terjual,Rp189.199,KOTA JAKARTA BARAT
