,Title,Total,Price,Location
0,[BONUS REMOTE] ORIGINAL VIRTUAL REALITY FOR SMARTPHONE + REMOTE BLUETOOTH / VR BOX 2.0 FREE REMOTE,"2,6RB Terjual",Rp54.449,KOTA JAKARTA UTARA
1,[PAKET REMOT] ORIGINAL VIRTUAL REALITY FOR SMARTPHONE + REMOTE BLUETOOTH / VR BOX 2.0 FREE REMOTE,"3,6RB Terjual",Rp54.449,KOTA JAKARTA UTARA
2,SHINECON VR BOX IMAX GIANT SCREEN VIRTUAL REALITY GLASSES,167 Terjual,Rp122.000,KOTA BEKASI
3,VR BOX SHINECON 6.0 - VIRTUAL REALITY GLASSES DENGAN HEADPHONE,583 Terjual,Rp224.099,KOTA JAKARTA UTARA
4,VR BOX IMAX WITH REMOTE BLACK AND WHITE - SHINECON,28 Terjual,Rp175.800,KOTA JAKARTA UTARA
5,PINZY Virtual Reality Glasses Vr Box generasi 2.0 for smartphone,10RB+ Terjual,Rp27.000,KOTA JAKARTA BARAT
6,[ COD ] Shinecon VR Box IMAX Giant Screen Virtual Reality Glasses - G13,"1,1RB Terjual",Rp79.999,KOTA JAKARTA BARAT
7,Shinecon 6.0 - VR Box Virtual Reality Glasses with Headphone,"2,4RB Terjual",Rp227.500,KOTA JAKARTA PUSAT
8,[TLM] VR Box 3D Virtual Reality Glasses Kaca Mata,87 Terjual,Rp24.900,KOTA JAKARTA BARAT
9,VR BOX VIRTUAL GNX20/VIRTUAL REALITY/VIRTUAL 3D,10 Terjual,Rp27.500,KOTA JAKARTA UTARA
10,YOKO VR Box Virtual Shinecon 3D / VR Box Virtual Reality Glasses 3D / VR Box Dengan Handphone,75 Terjual,Rp231.000,KOTA JAKARTA UTARA
11,Shinecon VR Box IMAX Giant Screen Virtual Reality Glasses - G13 ( Al-Yusi ),332 Terjual,Rp76.599,KOTA JAKARTA BARAT
12,Grosir-ij Shinecon VR Box IMAX Giant Screen Virtual Reality Glasses,2RB Terjual,Rp280.000,KOTA JAKARTA BARAT
13,VR Box IMAX Giant Screen Kacamata Virtual Reality 3D Glasses - G10,689 Terjual,Rp89.000,KOTA TANGERANG
14,VR BOX VIRTUAL 3D ORIGINAL SHINECON 6.0 WITH HEADSET - VIRTUAL REALITY HEADPHONE ORI SHINECON 6.0,506 Terjual,Rp216.900,KOTA JAKARTA BARAT
15,[BONUS REMOTE] VR BOX FREE REMOTE BLUETOOTH / VIRTUAL REALITY BONUS REMOTE / VR BOX 2.0 / VR REMOTE,"5,4RB Terjual",Rp64.000,KOTA JAKARTA BARAT
16,Remot VR Box Controller Bluetooth / Remot Controller,513 Terjual,Rp23.999,KOTA JAKARTA BARAT
17,VIRTUAL BOX 2.0 3D Virtual Reality Game Movie VR Box 2.0,"4,4RB Terjual",Rp26.900,KAB. BEKASI
18,VIRTUAL REALITY BOX / VR BOX 3D + REMOTE ( FOR SMARTPHONE),392 Terjual,Rp31.900,KOTA JAKARTA BARAT
19,VR Box 2 Virtual Reality Glasses Kacamata HP 3D 3 Dimensi,3RB Terjual,Rp27.930,KAB. TANGERANG
20,VR Box IMAX Giant Screen Virtual Reality Glasses Shinecon SC-G13MLP1,17 Terjual,Rp74.084,KOTA JAKARTA BARAT
21,[OBJ] VR Box 3D Virtual Reality Glasses Kaca Mata,415 Terjual,Rp24.900,KOTA JAKARTA BARAT
22,[TERBARU] VIRTUAL REALITY 3D / VR BOX FOR SMARTPHONE VERSI 2.0,"1,1RB Terjual",Rp27.800,KOTA JAKARTA BARAT
23,VR Box Shinecon 3D Virtual Reality IMAX Giant Screen G13,4 Terjual,Rp85.000,KOTA JAKARTA BARAT
24,VR Mini Virtual Reality Glasses 3D Mini,511 Terjual,Rp28.500,KOTA JAKARTA PUSAT
25,VR BOX 2.00 / Virtual Reality BOX 2.0 only,54 Terjual,Rp65.000,KOTA BANDUNG
26,MINI VR Box - Virtual Reality,485 Terjual,Rp32.500,KAB. SIDOARJO
27,DapurCantik Virtual 3D Reality Glasses VR Box Smartphone - VRBOX,150 Terjual,Rp27.600,KOTA TANGERANG
28,VR Box 2 Virtual Reality Glasses Kacamata 3D,207 Terjual,Rp27.075,KAB. TANGERANG
29,Shinecon VR Box 3D IMAX Giant Screen Virtual Reality Glasses,116 Terjual,Rp250.000,KOTA TANGERANG
30,Shinecon VR Box IMAX Giant Screen Virtual Reality Headset Cardboard - G10,332 Terjual,Rp84.900,KOTA JAKARTA BARAT
31,[ JB99 ] Vr Box 3D Virtual Reality Glasses Kaca Mata TERMURAHH,165 Terjual,Rp35.000,KOTA JAKARTA BARAT
32,VR Virtual Reality Glasses Vr Box Versi 2 Kacamata 3D,270 Terjual,Rp27.360,KAB. TANGERANG
33,VIRTUAL REALITY HELMET VR BOX SHINECON 3D 360 GLASSES for SMARTPHONE,19 Terjual,Rp97.500,KOTA JAKARTA BARAT
34,Shinecon VR Box IMAX Giant Screen Virtual Reality Glasses - G10 - Black - 7RTHHNBK,42 Terjual,Rp79.800,KOTA SEMARANG
35,VR Box Shinecon 10.0 With Headphone Kacamata HP Versi Terbaru,270 Terjual,Rp285.000,KOTA JAKARTA UTARA
36,[BONUS REMOTE] VR BOX FREE REMOTE BLUETOOTH / VIRTUAL REALITY BONUS REMOTE / VR BOX 2.0 / VR REMOTE,"1,9RB Terjual",Rp66.100,KOTA JAKARTA BARAT
37,[ORIGINAL] VR BOX VIRTUAL REALITY FOR SMARTPHONE 2.0,942 Terjual,Rp27.750,KOTA JAKARTA BARAT
38,Virtual 3D Reality Glasses VR Box Smartphone (Free Earphone),10RB+ Terjual,Rp65.000,KOTA JAKARTA UTARA
39,VR Box 3D Virtual Reality Glasses dengan Headphone Shinecon 6.0,73 Terjual,Rp203.000,KOTA JAKARTA BARAT
40,Kacamata VR Box 3D 3 Dimensi Versi 2 Virtual,308 Terjual,Rp28.322,KAB. TANGERANG
41,[ COD ] Shinecon VR Box IMAX Giant Screen Virtual Reality Glasses - G15,45 Terjual,Rp128.199,KOTA JAKARTA BARAT
42,VR BOX Kacamata Virtual Reality 3D Glasses Device For Smartphone Android Ipone Game Movie Visual Gaming Alat Bantu Menonton Vidio Original,16 Terjual,Rp55.000,KAB. TANGERANG
43,VR BOX VERSI 3,9 Terjual,Rp24.500,KOTA JAKARTA BARAT
44,VR Box Virtual Reality Glasses dengan Headphone - Shinecon 6.0 - Black,70 Terjual,Rp219.000,KOTA SEMARANG
45,VR Box IMAX Giant Screen Virtual Reality Glasses Shinecon G06BXFT6,1 Terjual,Rp79.651,KOTA JAKARTA BARAT
46,VR Box 2 3D Besar Virtual Reality Glases 3 Dimensi / Kacamata 3D,426 Terjual,Rp36.600,KOTA PEKANBARU
47,Shinecon 6.0 VR Box Virtual Reality Glasses dengan Headphone - Black,76 Terjual,Rp226.500,KOTA MEDAN
48,VR BOX BOBOVR Z6 Headset Smartphone Virtual Reality 3D Glasses,35 Terjual,Rp470.000,KOTA BEKASI
49,VR Box 3D IMAX Giant Screen Virtual Reality Glasses Shinecon G10 G12 G13,4 Terjual,Rp125.000,KOTA TANGERANG
50,Google Cardboard VR Virtual Reality dari Dus with/dengan Magnet Tanpa Strap,747 Terjual,Rp37.500,KOTA JAKARTA BARAT
51,Kacamata VRbox Shinecon VR Box IMAX Giant Screen Virtual Reality G10 ( KCL),30 Terjual,Rp79.950,KOTA SURAKARTA (SOLO)
52,RACUN SHOP- VR Box Virtual 3D Reality Glasses VR Box for Smartphone,KOTA JAKARTA UTARA,Rp27.000 - Rp60.000,Produk Serupa
53,VR BOX 2.0 Virtual Reality Kacamata Hp 3D Glasses Game Murah,98 Terjual,Rp54.800,KOTA SEMARANG
54,[ COD ] Shinecon 6.0 VR Box Virtual Reality Glasses dengan Headphone,277 Terjual,Rp204.799,KOTA JAKARTA BARAT
55,Memo Ak02 Automatic Trigger Controller l1 r1 Gaming For Mobile Phone,"3,8RB Terjual",Rp98.000,KOTA JAKARTA BARAT
56,ORIGINAL VIRTUAL REALITY FOR SMARTPHONE + REMOTE BLUETOOTH / VR BOX 2.0 FREE REMOTE,187 Terjual,Rp54.799,KOTA JAKARTA UTARA
57,Shinecon VR Box IMAX Giant Screen Kacamata 3D Virtual Reality,27 Terjual,Rp145.000,KOTA JAKARTA BARAT
58,SET TOP BOX DIGITAL DVB T2 WIFI STB Antena SUPER HD,10RB+ Terjual,Rp168.000,KOTA JAKARTA UTARA
59,VR Box IMAX Virtual Reality Glasses with Headset Shinecon - G06EB,3 Terjual,Rp188.100,KOTA JAKARTA BARAT
